{
    "CourpusPreprocessor(strong)": {
        "TextRank": {
            "BLEU-1": 0.20843275625729807,
            "BLEU-2": 0.13078957308579928,
            "BLEU-3": 0.08758466538868595,
            "BLEU-4": 0.06302689979364826,
            "ROUGE-1-fmeasure": 0.2802082008853045,
            "ROUGE-2-fmeasure": 0.11552971434225888,
            "ROUGE-L-fmeasure": 0.20241138735028996,
            "ROUGE-1-recall": 0.4753477954330174,
            "ROUGE-2-recall": 0.1986445181977855,
            "ROUGE-L-recall": 0.3441145438091803
        },
        "LexRank": {
            "BLEU-1": 0.2591295477728664,
            "BLEU-2": 0.15825142289863528,
            "BLEU-3": 0.10309360206906006,
            "BLEU-4": 0.07188049423948577,
            "ROUGE-1-fmeasure": 0.3103108999394126,
            "ROUGE-2-fmeasure": 0.12033220121757199,
            "ROUGE-L-fmeasure": 0.214927126176479,
            "ROUGE-1-recall": 0.439371647786182,
            "ROUGE-2-recall": 0.17480503305651524,
            "ROUGE-L-recall": 0.30650915367840303
        },
        "Lsa": {
            "BLEU-1": 0.191573283180524,
            "BLEU-2": 0.11477275996718318,
            "BLEU-3": 0.07438709094008615,
            "BLEU-4": 0.05222961275109926,
            "ROUGE-1-fmeasure": 0.26566891359235045,
            "ROUGE-2-fmeasure": 0.09994196328834262,
            "ROUGE-L-fmeasure": 0.17852906243672817,
            "ROUGE-1-recall": 0.44834219087213945,
            "ROUGE-2-recall": 0.17134479949760914,
            "ROUGE-L-recall": 0.3030858858704796
        },
        "Luhn": {
            "BLEU-1": 0.22700729927007302,
            "BLEU-2": 0.14343332849387472,
            "BLEU-3": 0.09723026074061175,
            "BLEU-4": 0.0702808998913148,
            "ROUGE-1-fmeasure": 0.29187752601632344,
            "ROUGE-2-fmeasure": 0.12310496082754012,
            "ROUGE-L-fmeasure": 0.21013761383642615,
            "ROUGE-1-recall": 0.46810006591900877,
            "ROUGE-2-recall": 0.19791468920280103,
            "ROUGE-L-recall": 0.3379418295486333
        },
        "KL": {
            "BLEU-1": 0.2370620486761166,
            "BLEU-2": 0.14801081982285963,
            "BLEU-3": 0.09954969316727447,
            "BLEU-4": 0.07209404480044743,
            "ROUGE-1-fmeasure": 0.2846418718279308,
            "ROUGE-2-fmeasure": 0.11893295009719193,
            "ROUGE-L-fmeasure": 0.2114813846972122,
            "ROUGE-1-recall": 0.3951263975625028,
            "ROUGE-2-recall": 0.16371637122906077,
            "ROUGE-L-recall": 0.2942018022147545
        }
    },
    "CourpusPreprocessor(mid)": {
        "TextRank": {
            "BLEU-1": 0.1875420403587444,
            "BLEU-2": 0.11000232264246486,
            "BLEU-3": 0.07357644692710358,
            "BLEU-4": 0.0540869057151858,
            "ROUGE-1-fmeasure": 0.27072548978233835,
            "ROUGE-2-fmeasure": 0.09625937748668476,
            "ROUGE-L-fmeasure": 0.1728642702803283,
            "ROUGE-1-recall": 0.512354610590895,
            "ROUGE-2-recall": 0.18209402060591517,
            "ROUGE-L-recall": 0.32854398459733003
        },
        "LexRank": {
            "BLEU-1": 0.24234428289355592,
            "BLEU-2": 0.1454105238410503,
            "BLEU-3": 0.09978739377071438,
            "BLEU-4": 0.07464749865567194,
            "ROUGE-1-fmeasure": 0.3206974523433811,
            "ROUGE-2-fmeasure": 0.1187732642240323,
            "ROUGE-L-fmeasure": 0.20061338033880882,
            "ROUGE-1-recall": 0.5114184334501268,
            "ROUGE-2-recall": 0.19054612483636107,
            "ROUGE-L-recall": 0.3225681202938556
        },
        "Lsa": {
            "BLEU-1": 0.24548554938568495,
            "BLEU-2": 0.13630410844721239,
            "BLEU-3": 0.0905165483332152,
            "BLEU-4": 0.06627597592933893,
            "ROUGE-1-fmeasure": 0.3016983877977286,
            "ROUGE-2-fmeasure": 0.0947811802189595,
            "ROUGE-L-fmeasure": 0.1852878685769606,
            "ROUGE-1-recall": 0.432678537658337,
            "ROUGE-2-recall": 0.1381791946571469,
            "ROUGE-L-recall": 0.2689168894180368
        },
        "Luhn": {
            "BLEU-1": 0.2119778887936386,
            "BLEU-2": 0.13020389624842355,
            "BLEU-3": 0.09053718553208565,
            "BLEU-4": 0.0681682796362757,
            "ROUGE-1-fmeasure": 0.2972563012697218,
            "ROUGE-2-fmeasure": 0.11553911556267826,
            "ROUGE-L-fmeasure": 0.19254298457439797,
            "ROUGE-1-recall": 0.5359045477433988,
            "ROUGE-2-recall": 0.20601875346405718,
            "ROUGE-L-recall": 0.34834520088866694
        },
        "KL": {
            "BLEU-1": 0.2547491475888943,
            "BLEU-2": 0.1485146598939891,
            "BLEU-3": 0.09903989492993166,
            "BLEU-4": 0.07257330707603102,
            "ROUGE-1-fmeasure": 0.2909479784435467,
            "ROUGE-2-fmeasure": 0.10294361262245369,
            "ROUGE-L-fmeasure": 0.19411632643997556,
            "ROUGE-1-recall": 0.3736624390956721,
            "ROUGE-2-recall": 0.13233878477240044,
            "ROUGE-L-recall": 0.25111516891854235
        }
    },
    "CourpusPreprocessor(simple)": {
        "TextRank": {
            "BLEU-1": 0.18542168993932326,
            "BLEU-2": 0.11149520746580155,
            "BLEU-3": 0.07588283900285715,
            "BLEU-4": 0.056390000863920466,
            "ROUGE-1-fmeasure": 0.2706142026431023,
            "ROUGE-2-fmeasure": 0.10077062252830626,
            "ROUGE-L-fmeasure": 0.1731473015154168,
            "ROUGE-1-recall": 0.5254469008040987,
            "ROUGE-2-recall": 0.19543353284460077,
            "ROUGE-L-recall": 0.3379065328045739
        },
        "LexRank": {
            "BLEU-1": 0.23695496783416722,
            "BLEU-2": 0.1454868589083665,
            "BLEU-3": 0.10098275994204632,
            "BLEU-4": 0.0758662800833772,
            "ROUGE-1-fmeasure": 0.3188969052851063,
            "ROUGE-2-fmeasure": 0.12313306518085082,
            "ROUGE-L-fmeasure": 0.20096496380747136,
            "ROUGE-1-recall": 0.5215237828832291,
            "ROUGE-2-recall": 0.20272033024885627,
            "ROUGE-L-recall": 0.3311480901509919
        },
        "Lsa": {
            "BLEU-1": 0.24076173679348284,
            "BLEU-2": 0.13514259438248827,
            "BLEU-3": 0.09062133151173664,
            "BLEU-4": 0.06672977242544659,
            "ROUGE-1-fmeasure": 0.2990799293116909,
            "ROUGE-2-fmeasure": 0.09558589548366553,
            "ROUGE-L-fmeasure": 0.1834315385880116,
            "ROUGE-1-recall": 0.4341805946481095,
            "ROUGE-2-recall": 0.1410780579080495,
            "ROUGE-L-recall": 0.2690930517139838
        },
        "Luhn": {
            "BLEU-1": 0.20634588854980979,
            "BLEU-2": 0.12835771953462827,
            "BLEU-3": 0.09032413704150713,
            "BLEU-4": 0.06870857273453135,
            "ROUGE-1-fmeasure": 0.29220190910911825,
            "ROUGE-2-fmeasure": 0.11620955695859303,
            "ROUGE-L-fmeasure": 0.18984214651974887,
            "ROUGE-1-recall": 0.5428376473687981,
            "ROUGE-2-recall": 0.21418765214839228,
            "ROUGE-L-recall": 0.35394727206120336
        },
        "KL": {
            "BLEU-1": 0.24968149745197965,
            "BLEU-2": 0.14726940520022277,
            "BLEU-3": 0.09956542312550418,
            "BLEU-4": 0.07394639674190365,
            "ROUGE-1-fmeasure": 0.2891911363283046,
            "ROUGE-2-fmeasure": 0.10426481880078213,
            "ROUGE-L-fmeasure": 0.1930385291309028,
            "ROUGE-1-recall": 0.37691886619479376,
            "ROUGE-2-recall": 0.13623549449915673,
            "ROUGE-L-recall": 0.25375113464300864
        }
    },
    "CourpusPreprocessor(nothing)": {
        "TextRank": {
            "BLEU-1": 0.17294688741156206,
            "BLEU-2": 0.10044711183456911,
            "BLEU-3": 0.06750263499358954,
            "BLEU-4": 0.04979363023548302,