{
    "CourpusPreprocessor(strong)": {
        "TextRank": {
            "BLEU-1": 0.09680720881076871,
            "BLEU-2": 0.03845039955288756,
            "BLEU-3": 0.015479914618198075,
            "BLEU-4": 0.006538746856412794,
            "ROUGE-1-fmeasure": 0.13007354789886896,
            "ROUGE-2-fmeasure": 0.0208842889198962,
            "ROUGE-L-fmeasure": 0.10526554573311184,
            "ROUGE-1-recall": 0.16140673311994297,
            "ROUGE-2-recall": 0.02659906348806116,
            "ROUGE-L-recall": 0.1306985926412772
        },
        "LexRank": {
            "BLEU-1": 0.10481592471646123,
            "BLEU-2": 0.039742980396033,
            "BLEU-3": 0.015753875527716815,
            "BLEU-4": 0.0065695067986235355,
            "ROUGE-1-fmeasure": 0.11485304673723976,
            "ROUGE-2-fmeasure": 0.01652320625328094,
            "ROUGE-L-fmeasure": 0.09676674416946662,
            "ROUGE-1-recall": 0.1174883190936935,
            "ROUGE-2-recall": 0.016932073694746697,
            "ROUGE-L-recall": 0.09850349639780925
        },
        "Lsa": {
            "BLEU-1": 0.0803511984021305,
            "BLEU-2": 0.028651601505534207,
            "BLEU-3": 0.010071892381747327,
            "BLEU-4": 0.0037947476650204777,
            "ROUGE-1-fmeasure": 0.10476471593510817,
            "ROUGE-2-fmeasure": 0.013693276602089124,
            "ROUGE-L-fmeasure": 0.08563711713453832,
            "ROUGE-1-recall": 0.12911907538120887,
            "ROUGE-2-recall": 0.01728573506100953,
            "ROUGE-L-recall": 0.10572051131163052
        },
        "Luhn": {
            "BLEU-1": 0.0997217117353636,
            "BLEU-2": 0.038942402099813006,
            "BLEU-3": 0.01567320532235933,
            "BLEU-4": 0.006576033162646193,
            "ROUGE-1-fmeasure": 0.12341915771513523,
            "ROUGE-2-fmeasure": 0.018879409441528702,
            "ROUGE-L-fmeasure": 0.10148815146153342,
            "ROUGE-1-recall": 0.14095261885928628,
            "ROUGE-2-recall": 0.022271970583523995,
            "ROUGE-L-recall": 0.11565436624043832
        },
        "KL": {
            "BLEU-1": 0.09326026604450956,
            "BLEU-2": 0.036853767867407,
            "BLEU-3": 0.014707626668989598,
            "BLEU-4": 0.006128522855635166,
            "ROUGE-1-fmeasure": 0.1240853831154804,
            "ROUGE-2-fmeasure": 0.01995849666908742,
            "ROUGE-L-fmeasure": 0.101089304103051,
            "ROUGE-1-recall": 0.15153945577721745,
            "ROUGE-2-recall": 0.024687617587305297,
            "ROUGE-L-recall": 0.1236166937011883
        }
    },
    "CourpusPreprocessor(mid)": {
        "TextRank": {
            "BLEU-1": 0.13328274214271224,
            "BLEU-2": 0.048656300728191486,
            "BLEU-3": 0.021247500803551932,
            "BLEU-4": 0.010825413380285477,
            "ROUGE-1-fmeasure": 0.1737770173102477,
            "ROUGE-2-fmeasure": 0.02392013734959183,
            "ROUGE-L-fmeasure": 0.12700778032626237,
            "ROUGE-1-recall": 0.23227950561239766,
            "ROUGE-2-recall": 0.032485066915468486,
            "ROUGE-L-recall": 0.16973331484158827
        },
        "LexRank": {
            "BLEU-1": 0.15236908696095924,
            "BLEU-2": 0.05438131186722801,
            "BLEU-3": 0.023584992852121775,
            "BLEU-4": 0.011834011833242775,
            "ROUGE-1-fmeasure": 0.16992625547062468,
            "ROUGE-2-fmeasure": 0.02231125079419743,
            "ROUGE-L-fmeasure": 0.12551699124799914,
            "ROUGE-1-recall": 0.19111664879870754,
            "ROUGE-2-recall": 0.02541395858745056,
            "ROUGE-L-recall": 0.14060801185951188
        },
        "Lsa": {
            "BLEU-1": 0.14039013378059348,
            "BLEU-2": 0.04377713219596531,
            "BLEU-3": 0.017570133446291658,
            "BLEU-4": 0.008184124459291519,
            "ROUGE-1-fmeasure": 0.15006566579382366,
            "ROUGE-2-fmeasure": 0.015368106633386376,
            "ROUGE-L-fmeasure": 0.1095604887508266,
            "ROUGE-1-recall": 0.15805597935565485,
            "ROUGE-2-recall": 0.01632486938573582,
            "ROUGE-L-recall": 0.11519459613044042
        },
        "Luhn": {
            "BLEU-1": 0.13778710699619526,
            "BLEU-2": 0.050415753104553325,
            "BLEU-3": 0.0221507169304994,
            "BLEU-4": 0.011323545356783584,
            "ROUGE-1-fmeasure": 0.1748245382899577,
            "ROUGE-2-fmeasure": 0.024308206532682262,
            "ROUGE-L-fmeasure": 0.12669470576389383,
            "ROUGE-1-recall": 0.22384845187665797,
            "ROUGE-2-recall": 0.031609504519659284,
            "ROUGE-L-recall": 0.16215418239666754
        },
        "KL": {
            "BLEU-1": 0.14889495406736786,
            "BLEU-2": 0.05524890100262196,
            "BLEU-3": 0.024375345550722648,
            "BLEU-4": 0.012407283399724722,
            "ROUGE-1-fmeasure": 0.1732041720417614,
            "ROUGE-2-fmeasure": 0.02486516104461113,
            "ROUGE-L-fmeasure": 0.1304430548450467,
            "ROUGE-1-recall": 0.19718918428801246,
            "ROUGE-2-recall": 0.028462736257747704,
            "ROUGE-L-recall": 0.14876444060374563
        }
    },
    "CourpusPreprocessor(simple)": {
        "TextRank": {
            "BLEU-1": 0.12713525496893147,
            "BLEU-2": 0.046807890995236065,
            "BLEU-3": 0.020437044028562175,
            "BLEU-4": 0.010410460704587378,
            "ROUGE-1-fmeasure": 0.1718748901520785,
            "ROUGE-2-fmeasure": 0.024049386921585918,
            "ROUGE-L-fmeasure": 0.12429937512675897,
            "ROUGE-1-recall": 0.24443967980315942,
            "ROUGE-2-recall": 0.03491945725217724,
            "ROUGE-L-recall": 0.17655753528189244
        },
        "LexRank": {
            "BLEU-1": 0.1446459123885262,
            "BLEU-2": 0.051181758416581576,
            "BLEU-3": 0.02175756883922734,
            "BLEU-4": 0.010758155732988413,
            "ROUGE-1-fmeasure": 0.16775743787487649,
            "ROUGE-2-fmeasure": 0.02155647351941953,
            "ROUGE-L-fmeasure": 0.12319120247233245,
            "ROUGE-1-recall": 0.1987319579968772,
            "ROUGE-2-recall": 0.026145080225413786,
            "ROUGE-L-recall": 0.14514186373492843
        },
        "Lsa": {
            "BLEU-1": 0.13650967256818647,
            "BLEU-2": 0.042758517501609104,
            "BLEU-3": 0.01721009033327554,
            "BLEU-4": 0.008113824126423549,
            "ROUGE-1-fmeasure": 0.1480195374627037,
            "ROUGE-2-fmeasure": 0.015266478905297552,
            "ROUGE-L-fmeasure": 0.10780956572757572,
            "ROUGE-1-recall": 0.15933852233660672,
            "ROUGE-2-recall": 0.016605423235127027,
            "ROUGE-L-recall": 0.11568566884625367
        },
        "Luhn": {
            "BLEU-1": 0.13150909165976526,
            "BLEU-2": 0.04849586120455783,
            "BLEU-3": 0.021305438845896273,
            "BLEU-4": 0.010893104475261386,
            "ROUGE-1-fmeasure": 0.1730207103891796,
            "ROUGE-2-fmeasure": 0.02424853559157407,
            "ROUGE-L-fmeasure": 0.12427738350170178,
            "ROUGE-1-recall": 0.23493828030994746,
            "ROUGE-2-recall": 0.03367059997950754,
            "ROUGE-L-recall": 0.16850376864381789
        },
        "KL": {
            "BLEU-1": 0.14271443420241867,
            "BLEU-2": 0.052853163379008236,
            "BLEU-3": 0.023187574706823977,
            "BLEU-4": 0.011820621501152343,
            "ROUGE-1-fmeasure": 0.17030092522439033,
            "ROUGE-2-fmeasure": 0.024364579257659554,
            "ROUGE-L-fmeasure": 0.1278864343152024,
            "ROUGE-1-recall": 0.20010863222693276,
            "ROUGE-2-recall": 0.02882939738489885,
            "ROUGE-L-recall": 0.1503124088613697
        }
    },
    "CourpusPreprocessor(nothing)": {
        "TextRank": {
            "BLEU-1": 0.1183291279179867,
            "BLEU-2": 0.041309305416122856,