{
    "CourpusPreprocessor(strong)": {
        "TextRank": {
            "BLEU-1": 0.13532851737186102,
            "BLEU-2": 0.07561242674539805,
            "BLEU-3": 0.04657382129669778,
            "BLEU-4": 0.031181868758767065,
            "ROUGE-1-fmeasure": 0.20202759636151435,
            "ROUGE-2-fmeasure": 0.06647182929786277,
            "ROUGE-L-fmeasure": 0.1516045884644089,
            "ROUGE-1-recall": 0.3823700795079752,
            "ROUGE-2-recall": 0.13002859763473512,
            "ROUGE-L-recall": 0.2876089457369726
        },
        "LexRank": {
            "BLEU-1": 0.1678091016853064,
            "BLEU-2": 0.09217186137568052,
            "BLEU-3": 0.05573308960973497,
            "BLEU-4": 0.03657179852655936,
            "ROUGE-1-fmeasure": 0.2168534437544472,
            "ROUGE-2-fmeasure": 0.06914453182761988,
            "ROUGE-L-fmeasure": 0.16145842653214865,
            "ROUGE-1-recall": 0.3209245777387035,
            "ROUGE-2-recall": 0.10598707557659548,
            "ROUGE-L-recall": 0.23885452507584498
        },
        "Lsa": {
            "BLEU-1": 0.11978052315549728,
            "BLEU-2": 0.06591564721611022,
            "BLEU-3": 0.040570429965875426,
            "BLEU-4": 0.027101864623313366,
            "ROUGE-1-fmeasure": 0.18143279846542007,
            "ROUGE-2-fmeasure": 0.057887794781565124,
            "ROUGE-L-fmeasure": 0.1324701048821792,
            "ROUGE-1-recall": 0.3410314975148904,
            "ROUGE-2-recall": 0.11009174206541636,
            "ROUGE-L-recall": 0.251245232108839
        },
        "Luhn": {
            "BLEU-1": 0.14212160218066178,
            "BLEU-2": 0.07982995495252902,
            "BLEU-3": 0.04947684041574254,
            "BLEU-4": 0.0332360216911273,
            "ROUGE-1-fmeasure": 0.2064872347922338,
            "ROUGE-2-fmeasure": 0.06875193244888511,
            "ROUGE-L-fmeasure": 0.1552194264950104,
            "ROUGE-1-recall": 0.3637184719639036,
            "ROUGE-2-recall": 0.12423197797065658,
            "ROUGE-L-recall": 0.27496811506738367
        },
        "KL": {
            "BLEU-1": 0.1310342118700656,
            "BLEU-2": 0.0720935410078384,
            "BLEU-3": 0.044186881309124876,
            "BLEU-4": 0.029523881578731724,
            "ROUGE-1-fmeasure": 0.19118596754184924,
            "ROUGE-2-fmeasure": 0.06256008357549153,
            "ROUGE-L-fmeasure": 0.14547923992036327,
            "ROUGE-1-recall": 0.3193398464252063,
            "ROUGE-2-recall": 0.10588265659018192,
            "ROUGE-L-recall": 0.24438290412571584
        }
    },
    "CourpusPreprocessor(mid)": {
        "TextRank": {
            "BLEU-1": 0.13038392604471277,
            "BLEU-2": 0.06937269750020175,
            "BLEU-3": 0.04375156047574834,
            "BLEU-4": 0.0312832335115998,
            "ROUGE-1-fmeasure": 0.20378722948288963,
            "ROUGE-2-fmeasure": 0.060781698798328426,
            "ROUGE-L-fmeasure": 0.13961986292233955,
            "ROUGE-1-recall": 0.43165070236095604,
            "ROUGE-2-recall": 0.1291260666804147,
            "ROUGE-L-recall": 0.2986558454014083
        },
        "LexRank": {
            "BLEU-1": 0.16698846735897302,
            "BLEU-2": 0.08713893619545252,
            "BLEU-3": 0.053553353210515554,
            "BLEU-4": 0.037216953731988175,
            "ROUGE-1-fmeasure": 0.23903257772418143,
            "ROUGE-2-fmeasure": 0.06706995047690352,
            "ROUGE-L-fmeasure": 0.15839402498337093,
            "ROUGE-1-recall": 0.40641912906894145,
            "ROUGE-2-recall": 0.11867327832569896,
            "ROUGE-L-recall": 0.27297621453850585
        },
        "Lsa": {
            "BLEU-1": 0.15700425934690013,
            "BLEU-2": 0.07454840257166889,
            "BLEU-3": 0.0447772686777455,
            "BLEU-4": 0.030803632485081195,
            "ROUGE-1-fmeasure": 0.2152919465441735,
            "ROUGE-2-fmeasure": 0.05023411598495571,
            "ROUGE-L-fmeasure": 0.140784344287611,
            "ROUGE-1-recall": 0.3401200458350542,
            "ROUGE-2-recall": 0.0810408325751411,
            "ROUGE-L-recall": 0.22524007463536283
        },
        "Luhn": {
            "BLEU-1": 0.1378018805352893,
            "BLEU-2": 0.07403317401402572,
            "BLEU-3": 0.04763164081767355,
            "BLEU-4": 0.03463981645404952,
            "ROUGE-1-fmeasure": 0.2157613275146362,
            "ROUGE-2-fmeasure": 0.06574827174723266,
            "ROUGE-L-fmeasure": 0.14624819721200955,
            "ROUGE-1-recall": 0.4420011766411466,
            "ROUGE-2-recall": 0.13337316026349844,
            "ROUGE-L-recall": 0.30178985562071803
        },
        "KL": {
            "BLEU-1": 0.1595829991980754,
            "BLEU-2": 0.08121956376491636,
            "BLEU-3": 0.05000614221954695,
            "BLEU-4": 0.03519209957395458,
            "ROUGE-1-fmeasure": 0.21366716960348528,
            "ROUGE-2-fmeasure": 0.05846016743298106,
            "ROUGE-L-fmeasure": 0.15216413717996796,
            "ROUGE-1-recall": 0.3155230722550345,
            "ROUGE-2-recall": 0.08903532782826085,
            "ROUGE-L-recall": 0.2268627418529611
        }
    },
    "CourpusPreprocessor(simple)": {
        "TextRank": {
            "BLEU-1": 0.12551007567995107,
            "BLEU-2": 0.06749518354011216,
            "BLEU-3": 0.04305379290500804,
            "BLEU-4": 0.0310199414016969,
            "ROUGE-1-fmeasure": 0.19963472134837787,
            "ROUGE-2-fmeasure": 0.060483803346040185,
            "ROUGE-L-fmeasure": 0.13684342673320393,
            "ROUGE-1-recall": 0.43561023475765026,
            "ROUGE-2-recall": 0.1335462470800352,
            "ROUGE-L-recall": 0.3009734709574299
        },
        "LexRank": {
            "BLEU-1": 0.16123251530688437,
            "BLEU-2": 0.08554768950408503,
            "BLEU-3": 0.053872432833069,
            "BLEU-4": 0.03841989116764927,
            "ROUGE-1-fmeasure": 0.23677565077432144,
            "ROUGE-2-fmeasure": 0.06891802550857914,
            "ROUGE-L-fmeasure": 0.15848298221586682,
            "ROUGE-1-recall": 0.4105886788960817,
            "ROUGE-2-recall": 0.12334578801215054,
            "ROUGE-L-recall": 0.2780367245372242
        },
        "Lsa": {
            "BLEU-1": 0.153047011027278,
            "BLEU-2": 0.07360050924000693,
            "BLEU-3": 0.04484323815115793,
            "BLEU-4": 0.031169561836315304,
            "ROUGE-1-fmeasure": 0.21154616418935246,
            "ROUGE-2-fmeasure": 0.05014664587963843,
            "ROUGE-L-fmeasure": 0.13877417615797943,
            "ROUGE-1-recall": 0.3367511055559226,
            "ROUGE-2-recall": 0.08210308141557057,
            "ROUGE-L-recall": 0.2232883131670978
        },
        "Luhn": {
            "BLEU-1": 0.134430624860356,
            "BLEU-2": 0.07358202350779305,
            "BLEU-3": 0.04790162332162669,
            "BLEU-4": 0.03511257733765952,
            "ROUGE-1-fmeasure": 0.21419179885928158,
            "ROUGE-2-fmeasure": 0.06738611962227797,
            "ROUGE-L-fmeasure": 0.1469905115118337,
            "ROUGE-1-recall": 0.4505010807699916,
            "ROUGE-2-recall": 0.14139079608532068,
            "ROUGE-L-recall": 0.3114104283784127
        },
        "KL": {
            "BLEU-1": 0.1542549960517524,
            "BLEU-2": 0.08004915063287861,
            "BLEU-3": 0.05005909433503958,
            "BLEU-4": 0.03545796124738615,
            "ROUGE-1-fmeasure": 0.21213066454230556,
            "ROUGE-2-fmeasure": 0.060514608653975455,
            "ROUGE-L-fmeasure": 0.15068912967817955,
            "ROUGE-1-recall": 0.3220297161896043,
            "ROUGE-2-recall": 0.0938985356315681,
            "ROUGE-L-recall": 0.23010146247842836
        }
    },
    "CourpusPreprocessor(nothing)": {
        "TextRank": {
            "BLEU-1": 0.11510207237859577,
            "BLEU-2": 0.059732833997322134,
            "BLEU-3": 0.03763707824478048,