{
    "BLEU-1": 0.06171332456656803,
    "BLEU-2": 0.018043510348871843,
    "BLEU-3": 0.0,
    "BLEU-4": 0.0,
    "ROUGE-1-fmeasure": 0.05392778840322806,
    "ROUGE-2-fmeasure": 0.004210526315789474,
    "ROUGE-L-fmeasure": 0.05226244343891403,
    "ROUGE-1-recall": 0.05625,
    "ROUGE-2-recall": 0.00425531914893617,
    "ROUGE-L-recall": 0.054166666666666675
}