{
    "decoder_cnf": {
        "top_p": 0.8,
        "top_k": 20,
        "temperature": 0.8
    },
    "BLEU-1": 0.2685607717142339,
    "BLEU-2": 0.14041732668661602,
    "BLEU-3": 0.0810342739927884,
    "BLEU-4": 0.05013362764304713,
    "ROUGE-1-fmeasure": 0.26433564611032934,
    "ROUGE-2-fmeasure": 0.07163987090099673,
    "ROUGE-L-fmeasure": 0.1906946892053814,
    "ROUGE-1-recall": 0.2649267759104025,
    "ROUGE-2-recall": 0.07223826846513387,
    "ROUGE-L-recall": 0.19122736127355452
}