{
    "BLEU-1": 0.3259008560621142,
    "BLEU-2": 0.19963012484533318,
    "BLEU-3": 0.14080687058135785,
    "BLEU-4": 0.10772219544208922,
    "ROUGE-1-fmeasure": 0.31503735396662347,
    "ROUGE-2-fmeasure": 0.11434787314715804,
    "ROUGE-L-fmeasure": 0.2205983499530457,
    "ROUGE-1-recall": 0.32205949156742086,
    "ROUGE-2-recall": 0.11678489349202345,
    "ROUGE-L-recall": 0.22593756276960833
}