{
    "BLEU-1": 0.3613861386138614,
    "BLEU-2": 0.21415224748594605,
    "BLEU-3": 0.13798935242843294,
    "BLEU-4": 0.09958600047129652,
    "ROUGE-1-fmeasure": 0.358608217224076,
    "ROUGE-2-fmeasure": 0.12284727514128263,
    "ROUGE-L-fmeasure": 0.24069506469497956,
    "ROUGE-1-recall": 0.3612698412698413,
    "ROUGE-2-recall": 0.12386466288905314,
    "ROUGE-L-recall": 0.24301080715974335
}