{
    "decoder_cnf": {
        "top_p": 0.9,
        "top_k": 20,
        "temperature": 0.8
    },
    "BLEU-1": 0.17774030354131531,
    "BLEU-2": 0.09319544007559874,
    "BLEU-3": 0.0594825618225856,
    "BLEU-4": 0.044124343261924714,
    "ROUGE-1-fmeasure": 0.1734421144639564,
    "ROUGE-2-fmeasure": 0.042324670823799884,
    "ROUGE-L-fmeasure": 0.13636775926157313,
    "ROUGE-1-recall": 0.17930350133222075,
    "ROUGE-2-recall": 0.04447429539386699,
    "ROUGE-L-recall": 0.14115017623209852
}